seed,method,split,dE_percent,OTP_percent,OTP_base_percent,E_norm_kWh_per_pkm,E_norm_base_kWh_per_pkm,CO2_t_per_day,CO2_base_t_per_day,R_conv,mean_speed_factor
1,"Centralised","train",1.05165,69.0862,70.6872,0.098965,0.100017,6.88159,6.95473,174,0.993329
1,"Centralised","holdout",0.836937,69.6626,71.3184,0.101519,0.102376,18.8495,19.0086,174,0.994079
1,"Non-Federated MARL","train",0.841073,69.6059,70.6872,0.0991756,0.100017,6.89624,6.95473,NaN,0.994569
1,"Non-Federated MARL","holdout",0,71.3184,71.3184,0.102376,0.102376,19.0086,19.0086,NaN,1
1,"FMA-AI (FedAvg)","train",0.80557,69.4746,70.6872,0.0992111,0.100017,6.89871,6.95473,241,0.994744
1,"FMA-AI (FedAvg)","holdout",0.775741,69.7817,71.3184,0.101582,0.102376,18.8612,19.0086,241,0.994545
2,"Centralised","train",0.823937,69.5961,70.8721,0.0991928,0.100017,6.89743,6.95473,162,0.994802
2,"Centralised","holdout",0.618355,69.5445,70.7745,0.101743,0.102376,18.8911,19.0086,162,0.995568
2,"Non-Federated MARL","train",0.980964,69.4021,70.8721,0.0990357,0.100017,6.88651,6.95473,NaN,0.994009
2,"Non-Federated MARL","holdout",0,70.7745,70.7745,0.102376,0.102376,19.0086,19.0086,NaN,1
2,"FMA-AI (FedAvg)","train",0.953646,69.3922,70.8721,0.099063,0.100017,6.88841,6.95473,219,0.993937
2,"FMA-AI (FedAvg)","holdout",0.888709,68.9495,70.7745,0.101466,0.102376,18.8397,19.0086,219,0.993954
3,"Centralised","train",0.848673,70.0221,71.3051,0.099168,0.100017,6.89571,6.95473,136,0.994618
3,"Centralised","holdout",0.88434,69.5013,71.2482,0.101471,0.102376,18.8405,19.0086,136,0.994082
3,"Non-Federated MARL","train",0.446611,70.4961,71.3051,0.0995701,0.100017,6.92367,6.95473,NaN,0.996452
3,"Non-Federated MARL","holdout",0,71.2482,71.2482,0.102376,0.102376,19.0086,19.0086,NaN,1
3,"FMA-AI (FedAvg)","train",0.667824,70.3466,71.3051,0.0993489,0.100017,6.90829,6.95473,138,0.995637
3,"FMA-AI (FedAvg)","holdout",0.824491,69.6154,71.2482,0.101532,0.102376,18.8519,19.0086,138,0.994493
4,"Centralised","train",1.09257,69.4806,71.1387,0.0989241,0.100017,6.87875,6.95473,142,0.993126
4,"Centralised","holdout",0.963727,69.283,71.2359,0.101389,0.102376,18.8254,19.0086,142,0.993436
4,"Non-Federated MARL","train",1.01559,69.9158,71.1387,0.0990011,0.100017,6.8841,6.95473,NaN,0.993196
4,"Non-Federated MARL","holdout",0,71.2359,71.2359,0.102376,0.102376,19.0086,19.0086,NaN,1
4,"FMA-AI (FedAvg)","train",0.925192,69.7065,71.1387,0.0990915,0.100017,6.89039,6.95473,204,0.994089
4,"FMA-AI (FedAvg)","holdout",0.94448,69.3142,71.2359,0.101409,0.102376,18.8291,19.0086,204,0.993656
5,"Centralised","train",0.993113,70.0238,71.5224,0.0990235,0.100017,6.88567,6.95473,141,0.99362
5,"Centralised","holdout",0.898157,69.517,71.2769,0.101457,0.102376,18.8379,19.0086,141,0.993723
5,"Non-Federated MARL","train",1.39558,69.5121,71.5224,0.098621,0.100017,6.85768,6.95473,NaN,0.990729
5,"Non-Federated MARL","holdout",0,71.2769,71.2769,0.102376,0.102376,19.0086,19.0086,NaN,1
5,"FMA-AI (FedAvg)","train",1.13221,69.8258,71.5224,0.0988844,0.100017,6.87599,6.95473,179,0.992767
5,"FMA-AI (FedAvg)","holdout",1.04819,69.1998,71.2769,0.101303,0.102376,18.8094,19.0086,179,0.992841
6,"Centralised","train",0.647768,70.3776,71.3329,0.099369,0.100017,6.90968,6.95473,193,0.995819
6,"Centralised","holdout",0.656445,69.6332,70.9195,0.101704,0.102376,18.8839,19.0086,193,0.995451
6,"Non-Federated MARL","train",0.525916,70.6397,71.3329,0.0994908,0.100017,6.91816,6.95473,NaN,0.996335
6,"Non-Federated MARL","holdout",0,70.9195,70.9195,0.102376,0.102376,19.0086,19.0086,NaN,1
6,"FMA-AI (FedAvg)","train",0.568138,70.4819,71.3329,0.0994486,0.100017,6.91522,6.95473,138,0.996273
6,"FMA-AI (FedAvg)","holdout",0.571906,69.8001,70.9195,0.101791,0.102376,18.8999,19.0086,138,0.995973
7,"Centralised","train",0.841294,69.8425,70.995,0.0991754,0.100017,6.89622,6.95473,158,0.994579
7,"Centralised","holdout",0.931019,69.0855,70.9593,0.101423,0.102376,18.8317,19.0086,158,0.993724
7,"Non-Federated MARL","train",0.880677,69.5792,70.995,0.099136,0.100017,6.89349,6.95473,NaN,0.994518
7,"Non-Federated MARL","holdout",0,70.9593,70.9593,0.102376,0.102376,19.0086,19.0086,NaN,1
7,"FMA-AI (FedAvg)","train",0.831461,69.8684,70.995,0.0991852,0.100017,6.89691,6.95473,198,0.994649
7,"FMA-AI (FedAvg)","holdout",1.0064,68.9195,70.9593,0.101346,0.102376,18.8173,19.0086,198,0.993399
8,"Centralised","train",0.797522,70.3025,71.4286,0.0992192,0.100017,6.89927,6.95473,155,0.994912
8,"Centralised","holdout",0.765893,69.8162,71.3083,0.101592,0.102376,18.863,19.0086,155,0.99473
8,"Non-Federated MARL","train",0.690548,70.6059,71.4286,0.0993262,0.100017,6.90671,6.95473,NaN,0.995097
8,"Non-Federated MARL","holdout",0,71.3083,71.3083,0.102376,0.102376,19.0086,19.0086,NaN,1
8,"FMA-AI (FedAvg)","train",0.832181,70.2642,71.4286,0.0991845,0.100017,6.89686,6.95473,192,0.994628
8,"FMA-AI (FedAvg)","holdout",0.948059,69.4119,71.3083,0.101406,0.102376,18.8284,19.0086,192,0.99368
9,"Centralised","train",0.692833,69.2566,70.1091,0.0993239,0.100017,6.90655,6.95473,137,0.995433
9,"Centralised","holdout",0.630456,69.7402,70.9893,0.101731,0.102376,18.8888,19.0086,137,0.995386
9,"Non-Federated MARL","train",1.18317,68.6326,70.1091,0.0988335,0.100017,6.87245,6.95473,NaN,0.992331
9,"Non-Federated MARL","holdout",0,70.9893,70.9893,0.102376,0.102376,19.0086,19.0086,NaN,1
9,"FMA-AI (FedAvg)","train",1.08464,68.6363,70.1091,0.098932,0.100017,6.8793,6.95473,258,0.993126
9,"FMA-AI (FedAvg)","holdout",1.12165,68.7278,70.9893,0.101228,0.102376,18.7954,19.0086,258,0.992574
10,"Centralised","train",0.726015,69.5445,70.7232,0.0992907,0.100017,6.90424,6.95473,141,0.995359
10,"Centralised","holdout",0.754841,69.8418,71.3016,0.101603,0.102376,18.8651,19.0086,141,0.994848
10,"Non-Federated MARL","train",0.696046,69.6692,70.7232,0.0993207,0.100017,6.90633,6.95473,NaN,0.994532
10,"Non-Federated MARL","holdout",0,71.3016,71.3016,0.102376,0.102376,19.0086,19.0086,NaN,1
10,"FMA-AI (FedAvg)","train",0.725445,69.5875,70.7232,0.0992913,0.100017,6.90428,6.95473,197,0.995354
10,"FMA-AI (FedAvg)","holdout",0.851132,69.616,71.3016,0.101505,0.102376,18.8468,19.0086,197,0.994367
11,"Centralised","train",1.01938,69.5,71.0844,0.0989973,0.100017,6.88384,6.95473,99,0.993577
11,"Centralised","holdout",1.03347,69.0699,71.2105,0.101318,0.102376,18.8122,19.0086,99,0.993141
11,"Non-Federated MARL","train",0.825129,69.9309,71.0844,0.0991916,0.100017,6.89735,6.95473,NaN,0.994791
11,"Non-Federated MARL","holdout",0,71.2105,71.2105,0.102376,0.102376,19.0086,19.0086,NaN,1
11,"FMA-AI (FedAvg)","train",0.749276,69.9405,71.0844,0.0992674,0.100017,6.90262,6.95473,202,0.995108
11,"FMA-AI (FedAvg)","holdout",0.986615,69.1842,71.2105,0.101366,0.102376,18.8211,19.0086,202,0.993504
12,"Centralised","train",0.703096,70.2428,71.2913,0.0993136,0.100017,6.90584,6.95473,159,0.995413
12,"Centralised","holdout",0.692196,69.6061,70.9941,0.101667,0.102376,18.8771,19.0086,159,0.995119
12,"Non-Federated MARL","train",1.04129,69.8499,71.2913,0.0989754,0.100017,6.88232,6.95473,NaN,0.993116
12,"Non-Federated MARL","holdout",0,70.9941,70.9941,0.102376,0.102376,19.0086,19.0086,NaN,1
12,"FMA-AI (FedAvg)","train",0.721234,70.2586,71.2913,0.0992955,0.100017,6.90457,6.95473,240,0.995296
12,"FMA-AI (FedAvg)","holdout",0.785389,69.4206,70.9941,0.101572,0.102376,18.8593,19.0086,240,0.994653
13,"Centralised","train",0.866679,69.9817,71.3132,0.09915,0.100017,6.89446,6.95473,149,0.99444
13,"Centralised","holdout",0.849574,69.3553,71.0213,0.101506,0.102376,18.8471,19.0086,149,0.994144
13,"Non-Federated MARL","train",0.913823,70.2186,71.3132,0.0991029,0.100017,6.89118,6.95473,NaN,0.993534
13,"Non-Federated MARL","holdout",0,71.0213,71.0213,0.102376,0.102376,19.0086,19.0086,NaN,1
13,"FMA-AI (FedAvg)","train",0.971717,69.8114,71.3132,0.0990449,0.100017,6.88715,6.95473,158,0.993824
13,"FMA-AI (FedAvg)","holdout",1.01426,68.9835,71.0213,0.101338,0.102376,18.8158,19.0086,158,0.993246
14,"Centralised","train",0.826229,70.2177,71.4557,0.0991905,0.100017,6.89727,6.95473,130,0.994753
14,"Centralised","holdout",0.766682,69.6054,71.1189,0.101591,0.102376,18.8629,19.0086,130,0.994721
14,"Non-Federated MARL","train",0.665363,70.2646,71.4557,0.0993514,0.100017,6.90846,6.95473,NaN,0.995769
14,"Non-Federated MARL","holdout",0,71.1189,71.1189,0.102376,0.102376,19.0086,19.0086,NaN,1
14,"FMA-AI (FedAvg)","train",0.680097,70.4742,71.4557,0.0993366,0.100017,6.90744,6.95473,169,0.99557
14,"FMA-AI (FedAvg)","holdout",0.75202,69.6202,71.1189,0.101606,0.102376,18.8657,19.0086,169,0.994881
15,"Centralised","train",0.868041,69.8459,71.1113,0.0991486,0.100017,6.89436,6.95473,150,0.994391
15,"Centralised","holdout",0.833884,69.7124,71.3031,0.101522,0.102376,18.8501,19.0086,150,0.994179
15,"Non-Federated MARL","train",0.869619,69.8888,71.1113,0.0991471,0.100017,6.89425,6.95473,NaN,0.993354
15,"Non-Federated MARL","holdout",0,71.3031,71.3031,0.102376,0.102376,19.0086,19.0086,NaN,1
15,"FMA-AI (FedAvg)","train",0.493658,70.4443,71.1113,0.0995231,0.100017,6.9204,6.95473,212,0.996559
15,"FMA-AI (FedAvg)","holdout",0.746277,69.8992,71.3031,0.101612,0.102376,18.8668,19.0086,212,0.994885
16,"Centralised","train",1.19349,69.2181,71.0238,0.0988231,0.100017,6.87173,6.95473,159,0.992557
16,"Centralised","holdout",1.0193,69.1205,71.104,0.101333,0.102376,18.8149,19.0086,159,0.993105
16,"Non-Federated MARL","train",0.875996,69.8001,71.0238,0.0991407,0.100017,6.89381,6.95473,NaN,0.99382
16,"Non-Federated MARL","holdout",0,71.104,71.104,0.102376,0.102376,19.0086,19.0086,NaN,1
16,"FMA-AI (FedAvg)","train",0.989967,69.4976,71.0238,0.0990267,0.100017,6.88588,6.95473,197,0.99375
16,"FMA-AI (FedAvg)","holdout",1.07901,68.9938,71.104,0.101271,0.102376,18.8035,19.0086,197,0.992945
17,"Centralised","train",1.4155,69.0228,70.9863,0.0986011,0.100017,6.85629,6.95473,173,0.991256
17,"Centralised","holdout",1.20549,68.5026,70.9057,0.101142,0.102376,18.7795,19.0086,173,0.991992
17,"Non-Federated MARL","train",0.901829,69.8578,70.9863,0.0991148,0.100017,6.89201,6.95473,NaN,0.993597
17,"Non-Federated MARL","holdout",0,70.9057,70.9057,0.102376,0.102376,19.0086,19.0086,NaN,1
17,"FMA-AI (FedAvg)","train",1.15945,69.3915,70.9863,0.0988572,0.100017,6.8741,6.95473,185,0.992742
17,"FMA-AI (FedAvg)","holdout",1.12633,68.6593,70.9057,0.101223,0.102376,18.7945,19.0086,185,0.992578
18,"Centralised","train",0.996641,69.4955,70.8177,0.09902,0.100017,6.88542,6.95473,141,0.993709
18,"Centralised","holdout",0.774737,69.5628,71.1619,0.101583,0.102376,18.8614,19.0086,141,0.994514
18,"Non-Federated MARL","train",0.633598,70.1624,70.8177,0.0993831,0.100017,6.91067,6.95473,NaN,0.99587
18,"Non-Federated MARL","holdout",0,71.1619,71.1619,0.102376,0.102376,19.0086,19.0086,NaN,1
18,"FMA-AI (FedAvg)","train",0.984095,69.518,70.8177,0.0990326,0.100017,6.88629,6.95473,233,0.993711
18,"FMA-AI (FedAvg)","holdout",0.948965,69.198,71.1619,0.101405,0.102376,18.8282,19.0086,233,0.993547
19,"Centralised","train",0.658562,70.3451,71.1031,0.0993582,0.100017,6.90893,6.95473,133,0.995763
19,"Centralised","holdout",0.751144,69.8279,71.2115,0.101607,0.102376,18.8659,19.0086,133,0.994935
19,"Non-Federated MARL","train",0.705699,70.1724,71.1031,0.099311,0.100017,6.90565,6.95473,NaN,0.994587
19,"Non-Federated MARL","holdout",0,71.2115,71.2115,0.102376,0.102376,19.0086,19.0086,NaN,1
19,"FMA-AI (FedAvg)","train",0.603776,70.4501,71.1031,0.099413,0.100017,6.91274,6.95473,214,0.996042
19,"FMA-AI (FedAvg)","holdout",0.840911,69.6187,71.2115,0.101515,0.102376,18.8488,19.0086,214,0.994478
20,"Centralised","train",0.956636,70.0871,71.4416,0.09906,0.100017,6.8882,6.95473,173,0.99396
20,"Centralised","holdout",0.75873,69.3854,70.8967,0.101599,0.102376,18.8644,19.0086,173,0.994647
20,"Non-Federated MARL","train",0.587909,70.8392,71.4416,0.0994288,0.100017,6.91385,6.95473,NaN,0.995742
20,"Non-Federated MARL","holdout",0,70.8967,70.8967,0.102376,0.102376,19.0086,19.0086,NaN,1
20,"FMA-AI (FedAvg)","train",0.902016,70.1181,71.4416,0.0991147,0.100017,6.892,6.95473,256,0.994199
20,"FMA-AI (FedAvg)","holdout",0.868477,69.1533,70.8967,0.101487,0.102376,18.8435,19.0086,256,0.994026
