OTP_tolerance_pp,method,dE_mean,dE_ci95,OTP_mean,OTP_ci95
0,"Centralised",-0.431737,0.103134,71.8879,0.454186
0,"Non-Federated MARL",-0.573038,0.183631,71.9287,0.455582
0,"FMA-AI (FedAvg)",-0.423977,0.149161,71.8721,0.488948
1,"Centralised",0.313515,0.124596,70.8516,0.322107
1,"Non-Federated MARL",0.140501,0.319847,71.1589,0.43039
1,"FMA-AI (FedAvg)",0.240215,0.225763,70.957,0.564766
2,"Centralised",1.07057,0.1051,69.777,0.19128
2,"Non-Federated MARL",0.933535,0.399907,70.1163,0.495299
2,"FMA-AI (FedAvg)",1.02903,0.278808,69.826,0.587446
3,"Centralised",1.75561,0.092971,68.7166,0.205388
3,"Non-Federated MARL",1.73716,0.359678,68.9298,0.47775
3,"FMA-AI (FedAvg)",1.7137,0.25232,68.8027,0.631304
5,"Centralised",3.00048,0.0647924,66.7102,0.201724
5,"Non-Federated MARL",3.13096,0.464092,66.769,0.481149
5,"FMA-AI (FedAvg)",2.95065,0.18968,66.7835,0.535394
