round,Centralised,Non-Federated MARL,FMA-AI (FedAvg)
1,0.011885,0.0515095,0.0345983
2,0.00908599,0.0245475,0.00931201
3,0.00930836,0.0151352,0.0102666
4,0.012878,0.0194296,0.0109312
5,0.0133059,0.0184513,0.0103611
6,0.0124988,0.0183598,0.00931499
7,0.00849015,0.01366,0.0151139
8,0.0112907,0.0190989,0.00835022
9,0.00858044,0.0182867,0.0139117
10,0.00867861,0.0124936,0.00885259
11,0.00893441,0.0149786,0.0103493
12,0.00787199,0.0188352,0.00972378
13,0.0107814,0.0151892,0.0103456
14,0.00783531,0.0129767,0.0130904
15,0.00960278,0.0149048,0.00870164
16,0.00752167,0.0137472,0.00708187
17,0.00880711,0.0136701,0.00879956
18,0.00800745,0.0155662,0.00888985
19,0.0093552,0.0111896,0.00774402
20,0.0085595,0.013006,0.00929299
21,0.00675503,0.0140863,0.00713957
22,0.010251,0.0166206,0.00847382
23,0.00890553,0.0126691,0.00909204
24,0.00738791,0.0144319,0.00833616
25,0.00775728,0.0111926,0.0100995
26,0.00844495,0.01305,0.00786393
27,0.00638158,0.0117415,0.00843299
28,0.00576912,0.0132349,0.00732413
29,0.00661886,0.00903655,0.00648355
30,0.00721726,0.0159133,0.00708021
31,0.00748619,0.0138018,0.00756354
32,0.00730575,0.00955146,0.00850683
33,0.00666669,0.0133782,0.00723089
34,0.00461797,0.0124816,0.00521556
35,0.00636257,0.0122231,0.00597944
36,0.00794242,0.00925713,0.0079621
37,0.0071903,0.0123005,0.00732999
38,0.00693783,0.0134104,0.00674412
39,0.00404561,0.0119509,0.00591677
40,0.00524429,0.0100037,0.00581955
41,0.00610691,0.0102358,0.00783516
42,0.00629443,0.0114937,0.00698756
43,0.00697456,0.0101714,0.00646661
44,0.00538019,0.0138764,0.00679972
45,0.00611574,0.00918991,0.00525772
46,0.0055332,0.0108583,0.00853901
47,0.00593703,0.0109301,0.00763581
48,0.00520682,0.0096142,0.00531418
49,0.00554517,0.0113012,0.00601009
50,0.00693053,0.00966523,0.0067548
51,0.00555696,0.0095987,0.00604557
52,0.00541323,0.0109575,0.00684632
53,0.00447904,0.0105026,0.00587455
54,0.00610256,0.00977608,0.00573702
55,0.00562083,0.0104522,0.00539966
56,0.00563977,0.00957792,0.00526801
57,0.00476127,0.00864024,0.00593746
58,0.00521218,0.00794263,0.00731015
59,0.00505379,0.00944829,0.00453284
60,0.00455256,0.00743974,0.00530643
61,0.00416741,0.00997699,0.00510193
62,0.00468115,0.00847534,0.00475897
63,0.00459953,0.00965448,0.00674178
64,0.00560724,0.0110094,0.00604773
65,0.00444174,0.00815509,0.00458332
66,0.0036374,0.0093398,0.00556043
67,0.00408172,0.00858111,0.00586342
68,0.00413458,0.00900043,0.00483442
69,0.00394602,0.00849223,0.0051773
70,0.00466365,0.00874807,0.00448053
71,0.00372468,0.0087789,0.0034367
72,0.00400952,0.00783759,0.00460645
73,0.00377384,0.0109541,0.00421152
74,0.00408743,0.00864463,0.00603348
75,0.00272424,0.00971648,0.00704064
76,0.00409036,0.00756462,0.0051912
77,0.00434733,0.00714234,0.00495263
78,0.00310647,0.00799719,0.00658439
79,0.00333435,0.00754994,0.00526879
80,0.00430567,0.00881347,0.00424558
81,0.00367438,0.00924144,0.00418056
82,0.00392733,0.00989739,0.00600835
83,0.00390293,0.0070262,0.0042897
84,0.00306169,0.00810758,0.00342566
85,0.00266867,0.00596598,0.00409638
86,0.00377392,0.00927023,0.005861
87,0.00327794,0.0100792,0.00394049
88,0.00290333,0.00738408,0.00454711
89,0.00312012,0.0078913,0.00568962
90,0.00242824,0.00680151,0.00521736
91,0.00376755,0.00715639,0.00463882
92,0.00281352,0.00692081,0.00326219
93,0.00349413,0.00877553,0.00438716
94,0.00219245,0.00786493,0.0053499
95,0.00306424,0.00825671,0.00521951
96,0.00403695,0.00619192,0.00337043
97,0.00259302,0.00752114,0.0047546
98,0.00387694,0.00658083,0.00405842
99,0.00297475,0.0082526,0.00497847
100,0.00336523,0.00672173,0.00368902
101,0.00331417,0.00747131,0.0038124
102,0.00264018,0.00757239,0.00445844
103,0.00235325,0.0070001,0.00482019
104,0.00362335,0.00777349,0.00451001
105,0.00315458,0.00548249,0.00401681
106,0.00370527,0.00701445,0.00288662
107,0.00214741,0.00790536,0.00396668
108,0.00338336,0.00721385,0.00410208
109,0.00296209,0.00672826,0.00370266
110,0.00408166,0.00768655,0.00508828
111,0.00262555,0.00649864,0.00364471
112,0.00260968,0.00641899,0.00375042
113,0.00307414,0.00653147,0.0045503
114,0.0024796,0.00530084,0.004692
115,0.00235517,0.007559,0.00370169
116,0.00293867,0.00719994,0.00489581
117,0.00263708,0.00642987,0.00364413
118,0.00326915,0.00608001,0.00407025
119,0.00247264,0.00645874,0.00330336
120,0.00235272,0.00681039,0.00430115
121,0.00331983,0.0066683,0.00429701
122,0.00352338,0.00594459,0.00435388
123,0.00232793,0.00627138,0.0033113
124,0.00197547,0.00573466,0.00344307
125,0.00323276,0.00679231,0.00440753
126,0.00267253,0.00629462,0.00372636
127,0.00246796,0.00577076,0.00346285
128,0.00246965,0.00545106,0.00398131
129,0.00262153,0.00724161,0.00427362
130,0.00222114,0.00582264,0.00410566
131,0.00211251,0.00564522,0.00312773
132,0.0029116,0.00551124,0.0032972
133,0.00307959,0.00605296,0.00305638
134,0.00256573,0.00520289,0.00427721
135,0.00191165,0.0059181,0.00230203
136,0.00211879,0.0055624,0.00271347
137,0.00202847,0.0063773,0.003231
138,0.00225115,0.0059614,0.00388333
139,0.0027208,0.00535204,0.00309048
140,0.00216452,0.00714962,0.00313495
141,0.00230903,0.00528742,0.00297542
142,0.00232809,0.00449347,0.00262153
143,0.00196702,0.00722443,0.00309829
144,0.00230522,0.00531882,0.00347603
145,0.00242608,0.00626963,0.00477793
146,0.0028071,0.00518789,0.00303188
147,0.00176727,0.00679769,0.00316324
148,0.00222776,0.0058839,0.00365498
149,0.00234816,0.00474252,0.00300741
150,0.00292815,0.00509756,0.00239163
151,0.00261149,0.00564316,0.00280934
152,0.00308577,0.00515522,0.00294324
153,0.00225128,0.00496516,0.00262863
154,0.00170311,0.00545403,0.00297654
155,0.00146373,0.00559213,0.00279244
156,0.0024688,0.00655249,0.00278363
157,0.0020665,0.00503432,0.00283575
158,0.00243771,0.00543817,0.0032323
159,0.00257755,0.00495871,0.00264856
160,0.00182515,0.00545457,0.00253113
161,0.00150033,0.00587258,0.00269309
162,0.00209795,0.00541941,0.00328687
163,0.00219415,0.00444277,0.00259221
164,0.00218926,0.00510499,0.00281031
165,0.00265186,0.00551908,0.00290277
166,0.00212914,0.00634301,0.00286818
167,0.00220189,0.00471583,0.00373539
168,0.00174592,0.00499199,0.00182695
169,0.00206081,0.0054768,0.00257683
170,0.00204958,0.00525496,0.00287594
171,0.00212141,0.00523143,0.00272748
172,0.00234696,0.00493556,0.00233867
173,0.00274513,0.00449661,0.00235943
174,0.0019883,0.00496924,0.00240877
175,0.00165551,0.00523067,0.00304481
176,0.00144157,0.00560314,0.00329298
177,0.00228594,0.00551345,0.00273438
178,0.00258509,0.00550739,0.00250426
179,0.00178773,0.00376157,0.00287033
180,0.0022808,0.00522018,0.00287853
181,0.00222997,0.0048305,0.00209107
182,0.0018355,0.00476235,0.00232041
183,0.001573,0.00408787,0.00243506
184,0.00178291,0.00440354,0.00275813
185,0.0016635,0.00562935,0.00278518
186,0.00182016,0.00551979,0.00235149
187,0.00199483,0.0047518,0.00252668
188,0.00139481,0.00487006,0.00241878
189,0.00121896,0.0048947,0.00225331
190,0.00208988,0.00504578,0.00249307
191,0.00140011,0.00424342,0.00324343
192,0.0016202,0.00448696,0.00269468
193,0.00213859,0.00407645,0.00206209
194,0.00194722,0.00557775,0.00168714
195,0.00176269,0.0046249,0.0025786
196,0.00155982,0.0055595,0.00257708
197,0.00183213,0.00461729,0.00265275
198,0.00204818,0.00421593,0.00221526
199,0.00155619,0.00436343,0.00239668
200,0.00117887,0.0042517,0.00240339
201,0.00175421,0.00488148,0.00256626
202,0.00174832,0.00446613,0.0021191
203,0.00155905,0.00442349,0.00229976
204,0.00176572,0.00426537,0.00261662
205,0.00147306,0.00447765,0.00151407
206,0.00149975,0.00456586,0.00245987
207,0.00203709,0.00510528,0.00204448
208,0.00149473,0.00404933,0.00234451
209,0.00147313,0.00413087,0.00184663
210,0.00157268,0.00419328,0.00145552
211,0.00208143,0.00485814,0.00169175
212,0.00189855,0.00446568,0.0016873
213,0.00186179,0.00515299,0.00230094
214,0.00135306,0.00370976,0.00270633
215,0.00187578,0.00469252,0.00221724
216,0.00198125,0.00451924,0.00157987
217,0.00193321,0.0045249,0.00199115
218,0.00176515,0.00420384,0.00229328
219,0.00189437,0.00439425,0.00199654
220,0.00179776,0.00455463,0.00192894
221,0.00160212,0.00393977,0.0017267
222,0.00183578,0.0044301,0.00228462
223,0.00126539,0.00411705,0.00166453
224,0.00136299,0.00418993,0.00226668
225,0.00168507,0.0041895,0.00224796
226,0.00184522,0.00474241,0.00198665
227,0.00167728,0.00371411,0.00262588
228,0.00158309,0.00537015,0.00185472
229,0.00208894,0.00358778,0.00200242
230,0.00179777,0.00405045,0.00152527
231,0.00160959,0.00485739,0.00222722
232,0.00162807,0.00466272,0.00241931
233,0.00128409,0.00390485,0.00226738
234,0.00161864,0.00424771,0.00184523
235,0.00149522,0.00485797,0.00156738
236,0.00145988,0.00386106,0.00233383
237,0.00207493,0.00392727,0.00222742
238,0.00182358,0.0039802,0.00204219
239,0.00206347,0.00349074,0.00190761
240,0.00163314,0.00376482,0.00188065
241,0.00100844,0.0045829,0.00183362
242,0.00233054,0.00375914,0.00146335
243,0.00159907,0.00396503,0.00168802
244,0.00150548,0.00397202,0.00193548
245,0.00134178,0.00367762,0.00166357
246,0.00139745,0.00464065,0.00165172
247,0.00134851,0.00387454,0.00164153
248,0.00124004,0.00321318,0.00167289
249,0.00158284,0.00415033,0.00201381
250,0.00134998,0.00438347,0.00195764
251,0.00162392,0.00381341,0.00168352
252,0.00146087,0.00363146,0.00184358
253,0.00127228,0.00334725,0.00169301
254,0.00176075,0.00412916,0.00160572
255,0.00163922,0.0037139,0.0020271
256,0.0013181,0.00415912,0.00141022
257,0.00126951,0.00340073,0.0016883
258,0.001493,0.00430972,0.00182729
259,0.00182542,0.00414429,0.00243633
260,0.00132078,0.00364554,0.00177727
261,0.00157466,0.00418058,0.00188545
262,0.00173,0.00399727,0.00194992
263,0.00148564,0.00364126,0.00223211
264,0.0017907,0.00316896,0.00154142
265,0.00151627,0.00377991,0.00169791
266,0.00151876,0.00394524,0.00194495
267,0.00160372,0.00363329,0.0014748
268,0.00143811,0.0040553,0.00159787
269,0.00138715,0.00363688,0.00197496
270,0.00150502,0.0035355,0.00173081
271,0.00156689,0.00381988,0.00183
272,0.00146105,0.00365566,0.00183989
273,0.00160977,0.00326099,0.00208807
274,0.00152574,0.00311584,0.00197782
275,0.00131391,0.00411742,0.00188765
276,0.0013289,0.0037421,0.00199965
277,0.00132333,0.0033598,0.00165635
278,0.00125126,0.00364514,0.00163613
279,0.00175188,0.00433412,0.00225649
280,0.0013948,0.00358133,0.00235915
281,0.00134409,0.00377395,0.00182044
282,0.00137027,0.00358799,0.00140455
283,0.00172959,0.0039899,0.00173187
284,0.00137815,0.00313072,0.00196973
285,0.0013869,0.00333942,0.00193377
286,0.00113835,0.0029881,0.00194187
287,0.00109863,0.00408884,0.00136357
288,0.00125972,0.00333914,0.00131452
289,0.00133163,0.00357452,0.00140123
290,0.00103595,0.00350039,0.0018833
291,0.00105815,0.003331,0.00134037
292,0.00152204,0.00366031,0.00150078
293,0.00176049,0.00318085,0.00172925
294,0.00128953,0.00363562,0.00185315
295,0.00140968,0.00378852,0.00211034
296,0.00107334,0.00321254,0.00143497
297,0.00137526,0.00369299,0.00151033
298,0.00175268,0.00347135,0.00165329
299,0.00175348,0.003599,0.00180824
300,0.00136966,0.00346203,0.00143596
301,0.00162331,0.00316705,0.00142269
302,0.00159654,0.00396624,0.00178528
303,0.00142752,0.0035106,0.00175061
304,0.00117756,0.00349102,0.0017432
305,0.00139249,0.00308472,0.00186474
306,0.0011744,0.00318139,0.0011549
307,0.00105829,0.00311275,0.00180886
308,0.00146495,0.00411278,0.00130223
309,0.00121624,0.0033998,0.00117956
310,0.00104515,0.00323396,0.00145432
311,0.00107504,0.00370267,0.00175823
312,0.00167451,0.00296952,0.00166017
313,0.00101594,0.0030367,0.00155488
314,0.00116377,0.00324578,0.00179288
315,0.00106347,0.00384622,0.00186566
316,0.000835274,0.00291172,0.0022808
317,0.00151524,0.00327214,0.00111181
318,0.00129011,0.0032693,0.00139296
319,0.00146109,0.00357464,0.00135235
320,0.00128428,0.0030676,0.00130451
321,0.0010228,0.00321151,0.00157049
322,0.00141515,0.00332664,0.00147678
323,0.00151756,0.00323703,0.001434
324,0.00135722,0.00309061,0.00122829
325,0.00107926,0.00303841,0.00121645
326,0.000860711,0.00288011,0.00169436
327,0.000808655,0.00343621,0.0012889
328,0.000821732,0.00383706,0.00130006
329,0.00113062,0.00289434,0.00127485
330,0.000931216,0.00263931,0.00103502
331,0.00129187,0.00314181,0.0010058
332,0.00122005,0.00345232,0.00141213
333,0.00120573,0.00285276,0.00189341
334,0.00108227,0.00334996,0.00161218
335,0.00122236,0.00350778,0.00113064
336,0.00110321,0.00327939,0.00179177
337,0.00117833,0.00274387,0.00172883
338,0.00135795,0.00291014,0.00152616
339,0.00126576,0.00312013,0.00135765
340,0.00112582,0.00302552,0.00211009
341,0.0010901,0.00315377,0.00141894
342,0.00111008,0.00299883,0.00139111
343,0.00104432,0.00309242,0.00141939
344,0.00118973,0.00312097,0.00137833
345,0.00104137,0.00275533,0.00105515
346,0.00120464,0.0032768,0.00142281
347,0.00102271,0.0033681,0.00146888
348,0.00116438,0.00278389,0.00160968
349,0.00107481,0.00314732,0.00172531
350,0.00101157,0.00298711,0.0013578
351,0.000959299,0.00293876,0.00174018
352,0.00109049,0.00270453,0.00110339
353,0.00188101,0.00272671,0.00132263
354,0.00162361,0.00314062,0.00118011
355,0.00105852,0.00264928,0.00141189
356,0.000843026,0.00307084,0.00122973
357,0.000956943,0.00289417,0.0017885
358,0.000889497,0.00281184,0.00174672
359,0.00119318,0.00340971,0.00131225
360,0.0012306,0.00313889,0.00137734
361,0.000986124,0.00329907,0.0011182
362,0.00131137,0.00303123,0.001169
363,0.00145348,0.00344888,0.00137596
364,0.00128795,0.00275756,0.00123641
365,0.0011616,0.00285656,0.00107178
366,0.000743787,0.00282419,0.00120228
367,0.00117841,0.00314481,0.00147686
368,0.000970134,0.00270062,0.00151587
369,0.0011321,0.00320565,0.00136144
370,0.00111837,0.00281863,0.00130383
371,0.000971497,0.00267753,0.00129495
372,0.00094428,0.00343298,0.00100809
373,0.00120352,0.00283147,0.00111733
374,0.00100508,0.00280462,0.00140786
375,0.00108847,0.00234949,0.001274
376,0.00118845,0.00295523,0.000969134
377,0.00107245,0.0028398,0.0011222
378,0.000801981,0.0027252,0.00103779
379,0.00139874,0.00312645,0.00106758
380,0.00129127,0.00272055,0.0012605
381,0.00110732,0.00283669,0.0011527
382,0.000759332,0.00239161,0.00140292
383,0.000891337,0.00271948,0.00159988
384,0.00119494,0.00314758,0.00154611
385,0.0011549,0.00313702,0.00128582
386,0.000979378,0.00273655,0.00117229
387,0.00136437,0.00256925,0.00124491
388,0.000994871,0.00237115,0.00152068
389,0.000966551,0.00319215,0.00123932
390,0.00114894,0.00279831,0.000979427
391,0.000833397,0.00283117,0.00133105
392,0.000862415,0.00291119,0.00135697
393,0.00136551,0.00282275,0.00119966
394,0.00120539,0.00269368,0.00136719
395,0.00100905,0.00259955,0.00148898
396,0.00104137,0.00255675,0.00116874
397,0.00107322,0.00276271,0.00126043
398,0.000946364,0.00297651,0.00118872
399,0.00137039,0.00253914,0.00171187
400,0.00146156,0.00261771,0.00147075
