role,route_id,route_name,trips_per_day,length_km,runtime_min,stops,representative_trip_id,shape_id
"train","111","111",377,9.00085,27,25,"69897899","1110262"
"train","32","32",289,7.31627,22,25,"69821705","320272"
"train","116","116",246,8.80113,40,30,"70016696","1160126"
"train","749","SL5",242,3.82394,23,12,"69111521","7490037"
"train","741","SL1",233,7.35176,17,5,"69112085","7410055"
"train","743","SL3",229,11.0383,23,9,"69111640","7430048"
"holdout","57","57",220,8.64001,33,32,"69699203","570291"
"holdout","23","23",218,8.12933,42,29,"69703856","230214"
"holdout","39","39",216,8.2184,37,26,"69110565","390163"
"holdout","66","66",203,9.75695,54,33,"69696954","660321"
"holdout","28","28",198,9.82824,49,35,"69110744","280189"
"holdout","109","109",196,12.9853,48,41,"69897096","1090218"
"holdout","22","22",194,8.24691,34,28,"69703852","220246"
"holdout","1","1",191,7.11822,42,24,"69703041","010150"
"holdout","15","15",188,5.63471,29,22,"69703850","150300"
"holdout","31","31",186,5.54871,15,18,"69821105","310119"
"holdout","742","SL2",186,2.65715,9,7,"69111141","7420072"
"holdout","77","77",185,9.02571,34,33,"69364456","770144"
"holdout","16","16",184,7.8576,39,22,"69702402","160378"
"holdout","9","9",174,6.33864,27,27,"69702729","090262"
"holdout","104","104",173,10.7593,52,31,"69896920","1040148"
"holdout","71","71",173,6.79815,22,22,"69364867","710151"
"holdout","751","SL4",172,3.99387,24,12,"69111804","7510043"
"holdout","110","110",167,9.22901,31,30,"69897382","1100231"
"holdout","73","73",164,7.26691,21,24,"69364685","730183"
"holdout","70","70",145,16.442,53,55,"69364598","700267"
"holdout","216","216",140,10.266,24,52,"70039725","2160164"
"holdout","21","21",138,5.98765,18,21,"69821278","210138"
"holdout","7","7",134,4.69474,18,19,"69703665","070171"
"holdout","86","86",134,6.45475,27,24,"69364009","860185"
